5050921279139782,BAACAgUAAxkBAANRZhQdjxCtxxK5QJ5NkWVws8JUksYAAmcOAAIlH5lUDTmmWFGDFeQ0BA,Desi aunt fucking xHamster_1.mp4,Video
0562459725657633,BAACAgUAAxkBAANSZhQdj9_IItevgDkJOBYhsk6-wsIAAmwOAAIlH5lUoibv59E5m400BA,Movies1575320443564.mp4,Video
6857651082917296,BAACAgUAAxkBAANTZhQdj2VSv-Gz6RqxYLSB-CuJCOUAAugOAAKP9KBUB4ilqqpUKCM0BA,Moriah Mills Pool Hall Twerk PornHoarder.tv.mp4,Video
5382740754208737,BAACAgUAAxkBAANUZhQdj4MQLckJpFEC_4q1gNnGjGIAAvIOAAKP9KBUXID5bXHnhY00BA,Fireplace SEX-ROCO & SHAY - XVIDEOS.COM_1.mp4,Video
0870818892434139,BAACAgUAAxkBAANVZhQdj0eRd9m1nFCVqUfFHkLwiF4AAvMOAAKP9KBU5bA9S1_rM4g0BA,Arabian Slut xHamster.mp4,Video
6421235975687772,BAACAgUAAxkBAANWZhQdj1wu6s40FGVg3MSvKzAOlZIAAvUOAAKP9KBUmc9K97f84TU0BA,Man Part 3 2023 Ullu Hindi XXX Web Series Episode 8.mp4,Video
5141215263605105,BAACAgUAAxkBAANXZhQdj0hYvVd35NSdIrreLFCg-2sAAvkOAAKP9KBUQKVqgAooDN80BA,19238_720m.mp4,Video
4886701814572621,BAACAgUAAxkBAANYZhQdjwyLZoiKuWZ4MeDjs2jr4FYAAv0OAAKP9KBUWHzAvarDJlI0BA,Moriah mills the wetter the better watch online.mp4,Video
8511955898518224,BAACAgUAAxkBAANZZhQdj0BzpOsxFdbbis9JORacpjkAAgYPAAKP9KBUD5xvsZgsAT80BA,"Roc_and_Bubble_Butt_Shay_Anal_Sex_Roc_And_Shay,_Roc_And_Shay_Anal.mp4",Video
5788254112391703,BAACAgUAAxkBAANaZhQdjygUeDaZtUbBkMSLuIM9iBQAAgcPAAKP9KBUfKP210EvA8Q0BA,Trivandrum – white ass aunty took black cock xHamster.mp4,Video
1792474645247564,BAACAgUAAxkBAANbZhQdj9lOVduhS8pBnOOYRx3kZbkAAggPAAKP9KBU8BemzNIuHNc0BA,Cuckold Lankan Wife Hard Doggy Fucked indian sex video.mp4,Video
5745600529844289,BAACAgUAAxkBAANcZhQdj5JFwjM0snGa_y3Ac4Uz7X4AAgwPAAKP9KBUD9Zowt0KR_00BA,"Attack and Fuck - Black, Anal, Babe Porn - SpankBang.mp4",Video
1917828617436899,BAACAgUAAxkBAANdZhQdj9bdvajQtrsWcYXdNMS4OgEAAg4PAAKP9KBU5LHYnJCCcJY0BA,"Roc_And_Shay_Afternoon_on_Couch_Roc_And_Shay,_Babe,_Ebony_Porn_SpankBang.mp4",Video
5044011264073570,BAACAgUAAxkBAANeZhQdjxESku--U21UpX6sJ2VnbPkAAg8PAAKP9KBUGoKVuvCoppc0BA,Ras28 Kitchen Fuck - Roc And Shay - PornZog Free Porn Clips.mp4,Video
0829039516297697,BAACAgUAAxkBAANfZhQdj8HsRdLsH7-7oz_H1yrAuagAAhEPAAKP9KBUEzJGaNR5g080BA,Kinnaratumbikal 2023 Yessma Malayalam Sex Web Series Ep 2.mp4,Video
2784723370270760,BAACAgUAAxkBAANgZhQdj361-77e4pkBcgNvy3DKRKsAAhIPAAKP9KBUy7zyeLV05_Q0BA,Arabisch 2 xHamster.mp4,Video
8521729958847907,BAACAgUAAxkBAANhZhQdj3iaSNXrSCZJgmkOPJa4etgAAh0PAAKP9KBUiT5Sqfj8gd00BA,"Bridgette_b,_moriah_mills_moriahs_wedding_shower_watch_online.mp4",Video
7557457164106723,BAACAgUAAxkBAANiZhQdj3ByggsLXVWehVjszM3tM1sAAiEPAAKP9KBUw3dhbdeoQtA0BA,Indian_desi_couple_Mohini_bhabi_have_doggy_style_very_hard_fuck.mp4,Video
4876733595909437,BAACAgUAAxkBAANjZhQdj3QAAfZ53t03CdvxP68ctY0BAAImDwACj_SgVGv-cIAF4sl9NAQ,Ras10 Workout Fuck - Roc And Shay - PornZog Free Porn Clips.mp4,Video
5798857048532318,BAACAgUAAxkBAANkZhQdj16EQ3PqGyS4Gxy41TuiDLYAAicPAAKP9KBU9Cw0puoi-DE0BA,Indian MILF wants to get a cumshot on her ass.mp4,Video
0688129754951564,BAACAgUAAxkBAANlZhQdjwr3Su1otV79TuiHZdrXjlsAAigPAAKP9KBUd10cDM_cQeA0BA,Desi big boobs sucked in bhabhi devar sex tape - Porn mms.mp4,Video
1177986403687520,BAACAgUAAxkBAANmZhQdj_NslDnsmOGq6P2O9_6Mc64AAikPAAKP9KBUAAEW533kcwIXNAQ,"Roc_Abd_ShayCouch_Fun_Babe,_Ebony,_Amateur_Porn_SpankBang.mp4",Video
3267423769363622,BAACAgUAAxkBAANnZhQdj3v1FrJ9WkSqfjEqA56i3gUAAjMPAAKP9KBURLiCe3Np7Wk0BA,Kitty Party 2023 Ullu Originals Hindi XXX Web Series Ep 3.mp4,Video
0043387822856771,BAACAgUAAxkBAANoZhQdj2xpD6gWcr47sGt-OxpMkJ8AAmAPAAKP9KBUxDqD4W0tn-c0BA,Bharya 2024 Boomex Malayalam XXX Web Series Episode 1.mp4,Video
9869752064474320,BAACAgUAAxkBAANpZhQdj4gvjEYfljYtfwi8JuIJATcAAmYPAAKP9KBUDbVpuPQoFe80BA,fck_SD 360p_MEDIUM_FR30.mp4,Video
5456348485243210,BAACAgUAAxkBAANqZhQdj_yvba2wrK1FnqfwezYDPwcAAm0PAAKP9KBUAAFov_ETVr_GNAQ,"Big_Tits_Cougar_Fucks_Horny_Guy_Bbw,_Milf,_Cougar_Porn_SpankBang.mp4",Video
4592510962142605,BAACAgUAAxkBAANrZhQdj0rQymWFr5DpmYePHmCnlwgAAoIPAAKP9KBUN8L4nMo2MtI0BA,Kavita Bhabhi Season 4 2024 Ullu Hindi XXX Web Series Ep 3.mp4,Video
5781918189149681,BAACAgUAAxkBAANsZhQdj3QFBIk1Z6-aQvfEmGlXO2MAApMPAAKP9KBU8UZgDoXuyoU0BA,"Moriah_mills_big_ass,big_tits,rough_sex,ebony,big_dick,interracial.mp4",Video
8628760123157999,BAACAgUAAxkBAANtZhQdjzEH2qZ1Y1dwFcLU0QoXWPwAApQPAAKP9KBUT2EDaGobXbU0BA,"Big_Tits_MILF_Riding_Cock_Milf,_Cougar,_Riding_Porn_SpankBang.mp4",Video
1712605652576191,BAACAgUAAxkBAANuZhQdjzpVPTFuZ4l7jdRSTCDeitwAApUPAAKP9KBUpruDvhL8GmE0BA,Kavita_Bhabhi_2021_Part_3_Ullu_Originals_Web_Series_Season_3.mp4,Video
4320840098986278,BAACAgUAAxkBAANvZhQdj8xvRnUhyG56vQSKxfKGqmIAApcPAAKP9KBU3KYcgmlQi6k0BA,Project_07-08_SD 360p_MEDIUM_FR30.mp4,Video
2200376451195284,BAACAgUAAxkBAANwZhQdjyrAQsYnT-gBxH9Ct3oxRCMAApgPAAKP9KBU9FA9DDlxSGw0BA,Hope 2023 Yessma Series Malayalam XXX Web Series Episode 2.mp4,Video
9367052994109877,BAACAgUAAxkBAANxZhQdj6FsvcLH3PTA64XzKu4xoQIAApsPAAKP9KBUlkOLT2Zcl-g0BA,In_de_winter_masturbeert_stiefzus_graag_onder_de_deken_xHamster.mp4,Video
0336687730155790,BAACAgUAAxkBAANyZhQdj8b1yZyTj22L2Y7pOtynl_YAAqEPAAKP9KBUdjZbiMaCOu80BA,Beginnings 20 Min - Roc And Shay - PornZog Free Porn Clips.mp4,Video
7517671527239582,BAACAgUAAxkBAANzZhQdj0vV8FXzFot99_c0WhnJWP0AAqIPAAKP9KBUhl5zfK_EdBw0BA,Project_07-10_HD 720p_MEDIUM_FR30.mp4,Video
8741228094415170,BAACAgUAAxkBAAN0ZhQdj5L5OqC_efOleOJ5LbjbTg8AArIPAAKP9KBUMyq8NjfB1y80BA,"Bouncing Booty Moriah Mills, Ramon Nomar 2018 PornHoarder.tv.mp4",Video
8068267198709252,BAACAgUAAxkBAAN1ZhQdj_ce4Lwccin646dBLMKLrUMAArUPAAKP9KBU2MqoqFeWjok0BA,Chubby_Wife_Interracial_sex_with_Huge_BBCs_I_found_her_at_meetxx.mp4,Video
0156925723211408,BAACAgUAAxkBAAN2ZhQdj0tKHPGX7SwQWyXw1n1tHDAAArYPAAKP9KBUs1OSQtnKG140BA,Me and Aunty Free Home Movie Porn Video f9 xHamster.mp4,Video
6695422039081831,BAACAgUAAxkBAAOeZhQ478LoHxddz29VsOW8bwvSKZYAAt4PAAKP9KBUOHDGdo24BT80BA,Cum On Her Perfectly Shaking Ass Porn Video - VXXX.com.mp4,Video
6229862420165503,BAACAgUAAxkBAAOfZhQ473pcGSvYJt7n8sB2qWgTHLMAAt8PAAKP9KBUzeJOAAFia71iNAQ,Boyfriend_Mom_Fuck_Me_While_Mom_Sleep_Streaming_Porn_Videos_Youjizz.mp4,Video
1963435239471581,BAACAgUAAxkBAAOgZhQ478ETUkl2otBpaVAdCxjDkS0AAuAPAAKP9KBUeT-X8V7hJ4U0BA,Desi_Indian_Bangla_Lover_Extreme_Hardcore_Fucking_in_Multiple_Positions.mp4,Video
9903320858236831,BAACAgUAAxkBAAOhZhQ47-NnDfH-Ps22_K4_aPM93rUAAuEPAAKP9KBUhuzzHHys3y80BA,"Desi_Marathi_Aunty_Moaning_in_Car,_Free_Porn_69_xHamster_xHamster.mp4",Video
6621913370160803,BAACAgUAAxkBAAOiZhQ47zkzKDS2Tqn-nhqNKgma-hcAAuIPAAKP9KBUxIMKggwSJJE0BA,Mature_Bhabi_Ridind_Debar_Small_Dick_And_Creampied_wild_indian_tube.mp4,Video
0724954023433457,BAACAgUAAxkBAAOjZhQ47xBjr1huv5f6f1mO-AVyVbwAAuMPAAKP9KBU82KS-BPUzRg0BA,Project_09-06_SD 360p.mp4,Video
6730840683063449,BAACAgUAAxkBAAOkZhQ473J1ZX45-Vi7ccCzYN1Pj5MAAuQPAAKP9KBUK9biP2gKRUA0BA,Haveli 2024 Ullu Originals Hindi XXX Web Series Episode 1.mp4,Video
8304760085855882,BAACAgUAAxkBAAOlZhQ477BkKkQsyv3qaryPT2PvXvkAAuUPAAKP9KBUqNYWNjm0viU0BA,Bharya 2024 Boomex Malayalam XXX Web Series Episode 2.mp4,Video
8437100527431064,BAACAgUAAxkBAAOmZhQ47_yi-8LIpaOehuGkA-9-5k8AAuYPAAKP9KBU-Rr-iP0RoiM0BA,Tailor_Sucking_Big_Boobs_Of_Kannada_Mature_Milf_Aunty_EPORNER.mp4,Video
1386226624107422,BAACAgUAAxkBAAOnZhQ47-MoLxhbcyTA1bmCva9nZN4AAvsPAAKP9KBUzjOJZ9jQbno0BA,Vietnam Store 1 (1988) - Tracey Adams - EPORNER.mp4,Video
2086378442587178,BAACAgUAAxkBAAICJ2eDOnlv05d2q95hId3uu7GyFwwGAAJGEwAC0gUYVLSsqZB2uP1ANgQ,"Tits - Tits Big, Tits Big Boobs, Big Tits Porn - SpankBang.mp4",Video
9458049572701765,BAACAgUAAxkBAAICKGeDOnlEBWkAAccmEbcy19sDYZbguQACRxMAAtIFGFQCs7_VQMFzizYE,Hot Mallu Clip xHamster.mp4,Video
8029469601857007,BAACAgUAAxkBAAICKWeDOnlk5oyfPiet_ArFP2yhOBZdAAJIEwAC0gUYVIC2Jc4PXoQrNgQ,mallu home woker xHamster.mp4,Video
7060769211633045,BAACAgUAAxkBAAICKmeDOnlQZei_Hnj4_OpzXsj-EKmhAAJJEwAC0gUYVIgEJ6SVo66aNgQ,input.mp4,Video
5483902013973940,BAACAgUAAxkBAAICK2eDOnl0pM_FIWG5bC9gup6wuIuFAAJKEwAC0gUYVMBAXW4dCBEXNgQ,Werkend meisje neuken xHamster.mp4,Video
1953439114084265,BAACAgUAAxkBAAICLGeDOnkNleZSQWB4UBT7CtLIwm9UAAJMEwAC0gUYVGgR2bEE4B3iNgQ,Birthday Sex (2012) movie online • fullxcinema.mp4,Video
8236866979713201,BAACAgUAAxkBAAICLWeDOnkrUQWaeB1-fVFTN1Qca8iFAAJNEwAC0gUYVD3u4vfFTaqZNgQ,Big Tamil Feast 1 - XVIDEOS.COM.mp4,Video
0866861356355281,BAACAgUAAxkBAAICLmeDOnmpgjngPySaPNtfjTMK2uPfAAJOEwAC0gUYVNRl4ZSLW5UcNgQ,Big Boobs mallu aunty sex 3 xHamster.mp4,Video
3857527169743700,BAACAgUAAxkBAAICL2eDOnnAhxzkk_X7VyL1LY_x8BygAAJPEwAC0gUYVDF_mtRvBjW5NgQ,SpankBang.com_roc and shay porch fuck_480p.mp4,Video
1059002674022818,BAACAgUAAxkBAAICMGeDOnkiOSBvtZsdFpfFfSuwox4JAAJQEwAC0gUYVAABMpJidIQCUjYE,Project_08-15_SD 360p (1).mp4,Video
3613357627458386,BAACAgUAAxkBAAICMWeDOnkib2o5FlAbjZg8vVdvZ9y-AAJREwAC0gUYVNlXSwmAqHasNgQ,Project_05-21_SD 360p_MEDIUM_FR30.mp4,Video
5080167501131115,BAACAgUAAxkBAAICMmeDOnnjN28glnumVSVhlrhuKOwGAAJSEwAC0gUYVOTzYK3qzDIMNgQ,Mallu hardcore use headsets.mp4,Video
6841326174515321,BAACAgUAAxkBAAICM2eDOnn2wSq7fQnZvYWi9RBv6Z7HAAJTEwAC0gUYVJkuwF_lNA7XNgQ,jija aur sali(bhabhi ki bahan) tamil - XVIDEOS.COM.mp4,Video
5507351810202814,BAACAgUAAxkBAAICNGeDOnkSd1RbrWEUl-8eYqYXA5DoAAJUEwAC0gUYVFZyrQ-BiaYkNgQ,Huge_Ass_Gf_Hungry_For_Riding_Cock_In_Office_Desivdo_Best_Desi_Porn.mp4,Video
1930204317021121,BAACAgUAAxkBAAICNWeDOnlVJvKPk-ed3djYKhDOl5ATAAJVEwAC0gUYVAeN4MXEsIYFNgQ,Stiefbroer en stiefzus hebben seks xHamster.mp4,Video
5172681493179386,BAACAgUAAxkBAAICNmeDOnmaNOOuTamYTLVp5t9sQ59kAAJWEwAC0gUYVOvUY5kP6CZjNgQ,bubbly_@ss_aunty_fck_SD 360p_MEDIUM_FR30.mp4,Video
4117512441714621,BAACAgUAAxkBAAICN2eDOnkg22O4wvy7ZxBk81g-7ovHAAJXEwAC0gUYVB5CKb_EYxqxNgQ,indian bhabi says AUR KARO NA JOR SE - XVIDEOS.COM.mp4,Video
7182657735879322,BAACAgUAAxkBAAICOGeDOnnNuddIETwLhKab-29fr3o9AAJYEwAC0gUYVA9j3qJi_SFUNgQ,Big Ass Juicy Wife Doggi - Desivdo - Best Desi Porn Videos.mp4,Video
0635712693183639,BAACAgUAAxkBAAICOWeDOnkw7TFw4uMYkPRPQ34RvLaeAAJZEwAC0gUYVJYLcOPtxem4NgQ,Debase leakage sludge - xxxvideo.mp4,Video
8210306154194999,BAACAgUAAxkBAAICOmeDOnn7eUxOyiG9wPguEjWJ_OevAAJbEwAC0gUYVPZhwqp46nrxNgQ,"Web cam latina - Latina, Webcam, Amateur Porn - SpankBang.mp4",Video
0634107336702294,BAACAgUAAxkBAAICO2eDOnkgo_Me6pj5Kbvz5k_HpYd2AAJcEwAC0gUYVP-2zgsxlSJaNgQ,pub_61a0012a254f4ffcac9cd9af0028d41a_r2_dev202403C64rr_mp4_=1.mp4,Video
8236623979579699,BAACAgUAAxkBAAICPGeDOnntKihSHZN-rOP5aC4m4RxTAAJdEwAC0gUYVHZoRTsuRU4KNgQ,Bangla Desi Uncle Not Aunty In Home indian amateur sex.mp4,Video
8455642301152645,BAACAgUAAxkBAAICPWeDOnmwPS_yzunVcxBMwajjSW1uAAJeEwAC0gUYVAJVdmNW3oOfNgQ,Project_06-19(1)_SD 360p_MEDIUM_FR30.mp4,Video
1568450117046919,BAACAgUAAxkBAAICPmeDOnk_JIVjybBmB6yPPlZ-E4-dAAJfEwAC0gUYVOR0CVulUjR0NgQ,Girls do Porn Selena Vargas - Tnaflix.com.mp4,Video
8964365476151948,BAACAgUAAxkBAAICP2eDOnmFKlOSuy2trzKHs8dz6LdpAAJgEwAC0gUYVAbiIIngHtgWNgQ,Bengaals meisje geniet van voorspel en neukt. xHamster.mp4,Video
0489698391344891,BAACAgUAAxkBAAICQGeDOnnXMLrXPbzKxuy7nW7F7e12AAJhEwAC0gUYVKJXiAOuoGoRNgQ,Chinese Restaurant cook - XVIDEOS.COM.mp4,Video
5981014371347614,BAACAgUAAxkBAAICQWeDOnmOT3BlkWHTnazLiP5s7eNvAAJiEwAC0gUYVF49aJuAbtfKNgQ,He Invited His Best Friend and Fucked Her.mp4,Video
5672050726453192,BAACAgUAAxkBAAICQmeDOnlgYy0yTDm9gNE-XR5Y6pZkAAJjEwAC0gUYVHv6pWNAT-77NgQ,aunty_ride_hot_fck_HD 720p_MEDIUM_FR30.mp4,Video
1735692701555788,BAACAgUAAxkBAAICQ2eDOnmteN9qy0LxIQT0Swp0BZoiAAJkEwAC0gUYVCNS9i0y1D8uNgQ,"Black love 8 - Black, Anal, Babe Porn - SpankBang.mp4",Video
9873784721527030,BAACAgUAAxkBAAICRGeDOnlKi1xN0X5NLHm0WbyqfUfzAAJlEwAC0gUYVJJrlUv4COQkNgQ,Bharya_E01_BoomEX_Hot_Web_Series_2024_Download_and_Online_Watch.mp4,Video
6503467776912037,BAACAgUAAxkBAAICRWeDOnnARg9UQ0oMGSlQcpWMeqxzAAJmEwAC0gUYVOvllmGyXOeCNgQ,Mature tamil couple fucking with moans.mp4,Video
2289768339057915,BAACAgUAAxkBAAICRmeDOnlpTRyeWGfaKK9LaR6ef0jEAAJnEwAC0gUYVFB2q5o94gPaNgQ,Hot_Delhi_College_Students_Viral_Video_Full_in_Faphouse_Subscription.mp4,Video
2313360680880623,BAACAgUAAxkBAAICR2eDOnnb8Z3ON3-amw7p6PBT8TBAAAJoEwAC0gUYVI4_wb3ou6eyNgQ,"Rocandshay_ras15_fuck_my_ass_baby_720p_Roc_And_Shay,_Amateur,_Big.mp4",Video
9882779577329207,BAACAgUAAxkBAAICSGeDOnkyZQOb_FolxvpqWsSDYxMoAAJpEwAC0gUYVAyv0Q86VdcqNgQ,Bhabi Hard Fucked By Young Devar Secretly Recorded.mp4,Video
0491056359345422,BAACAgUAAxkBAAICSWeDOnnt8BBLCrxzD8YLhBT6mGrAAAJqEwAC0gUYVOJWP-9DZ5PhNgQ,Sexy bhabhi hard missionary and doggy style fuck in saree.mp4,Video
1604477265374036,BAACAgUAAxkBAAIDKGi22nA8bZH8bR0P7tqOu9h1AftRAAIUHgAC2Ce5VTGmngAB5V6NNjYE,vid_720p_1.mp4,Video
6742232292570524,BAACAgUAAxkBAAIDKWi22nAQio6ImDNI9X_LRhbY7SefAAIVHgAC2Ce5VZVwCuFMWffYNgQ,Indian Reshma new sex video - XVIDEOS.COM.mp4,Video
6280091896138838,BAACAgUAAxkBAAIDKmi22nBhGuXzV9B04lJkxYoH_4tuAAIXHgAC2Ce5VYCHeTaRWe3bNgQ,Prison_Old_Man_Audition_indian_sex_tube_on_Indianboobfuck_net.mp4,Video
7161656153907227,BAACAgUAAxkBAAIDK2i22nAqPZlKT3VEE_lMsbE5uEmsAAIbHgAC2Ce5VQABvwvy3LgpnDYE,fckbed_SD 360p_MEDIUM_FR30.mp4,Video
8329103703148644,BAACAgUAAxkBAAIDLGi22nA5xdpPCpR3Nqs-ja6lKlz6AAIdHgAC2Ce5VeGq0W9qnATaNgQ,reshma - XVIDEOS.COM.mp4,Video
2030822203657771,BAACAgUAAxkBAAIDLWi22nDkUzJAe3dWfsXnq5Pb1yw2AAIgHgAC2Ce5VecYIhVWAqBwNgQ,Step Mom - EPORNER.mp4,Video
5045320148812669,BAACAgUAAxkBAAIDLmi22nA10xJ3mzZDrorhF4XfMcstAAIkHgAC2Ce5VQp1-QlJPapZNgQ,Little_Clover_Titty_Fuck_and_Saying_Naughty_Things_JOI_EroThots.mp4,Video
7593022733799617,BAACAgUAAxkBAAIDL2i22nB-iR2MUu4zf5b9HeF_7kgxAAIlHgAC2Ce5VRzBCa4IhefrNgQ,Supersexy_Busty_Bhabhi_Riding_On_Dick_Desivdo_Best_Desi_Porn_Videos.mp4,Video
6878287417381846,BAACAgUAAxkBAAIDMGi22nBx-QhLS-WJu7L3pLsVIU3lAAInHgAC2Ce5VT4OA3DFm8t_NgQ,Doggy_Style_Fuck_Caught_In_Hidden_Camera_Desivdo_Best_Desi_Porn.mp4,Video
9336698006428180,BAACAgUAAxkBAAIDMWi22nDvBrmPZbSvipTqFvbyLexFAAIpHgAC2Ce5VfM1J9b-ZUkVNgQ,Garment Factory porn.mp4,Video
9175804849298405,BAACAgUAAxkBAAIDMmi22nChegEqRvuWGanlupzqJYdAAAIrHgAC2Ce5VX8yi1iifVIoNgQ,Reshma round boob suck - XVIDEOS.COM.mp4,Video
7695922582463845,BAACAgUAAxkBAAIDM2i22nBnEZEBZX2I_HgX4xwngHF7AAIsHgAC2Ce5VdW0TXZEddABNgQ,Mallu Classics12 Shekar4evr - XVIDEOS.COM.mp4,Video
9393572574903380,BAACAgUAAxkBAAIDNGi22nDXeBjA4NRfsb1WRaiYrUwiAAItHgAC2Ce5VUXwFc5DaAOENgQ,Project_04-24_SD 360p_MEDIUM_FR30.mp4,Video
9564704114762898,BAACAgUAAxkBAAIDNWi22nABT6C4wFE29E_gMdyyeWI_AAIvHgAC2Ce5VSw-7g6-FwzENgQ,Busty Cassandra PL Anal inside Barn - XVIDEOS.COM.mp4,Video
0669215753920029,BAACAgUAAxkBAAIDNmi22nCbT74O30WD2rThV1t6x-m1AAIwHgAC2Ce5VdJKJJjk38wrNgQ,Bangali Boudi Devar Ke Diye Choday. - XVIDEOS.COM.mp4,Video
8520060987674634,BAACAgUAAxkBAAIDN2i22nD_jen8iTXfBz4BXRd40LRlAAIzHgAC2Ce5VWcUzNB1sw8sNgQ,Bangali_dorpsstiefante_neukt_als_midnacht_geluid_slurpt_xHamster.mp4,Video
5863478813785624,BAACAgUAAxkBAAIDOGi22nDd4FTF-KVFNl7ZHuNOdi_vAAI1HgAC2Ce5VX_cyy-mEpB_NgQ,Adhuri Aas 2023 Hunters Originals Hindi XXX Web Series Ep 5.mp4,Video
4264889377901167,BAACAgUAAxkBAAIDOWi22nDrOSy32olSZ4HIPBnA2VPJAAI3HgAC2Ce5VbV6kE2eQrFYNgQ,Farmer_Girl_Fuck_2_Guys_In_Russian_Porn_feat_Busty_Cassandra_xHamster.mp4,Video
4497101613864903,BAACAgUAAxkBAAIDOmi22nBPa_w-Ij_f4QhmscZ1fkg5AAI4HgAC2Ce5VURSKR-VX4kSNgQ,Online_Anna_Bianca_aka_Anna_bianca_OnlyFans_Theres_something_so.mp4,Video
7935208923052513,BAACAgUAAxkBAAIDO2i22nBNI_Xxl7Ch4oi6XRu9iFqtAAI5HgAC2Ce5VcblFEmmlQd0NgQ,Online_Anna_Bianca_aka_Anna_bianca_OnlyFans_I_love_riding_cock_on.mp4,Video
9226836542811828,BAACAgUAAxkBAAIDPGi22nCDqJWa3YHRBa2RGJLm2LCfAAI7HgAC2Ce5VdC8yZaBd460NgQ,It_was_Fun_When_My_Penis_Entered_Sister_in_laws_Pussy_Indian_Desi.mp4,Video
0666711664030653,BAACAgUAAxkBAAIDPWi22nCiVJcpweoYCCE3Oh6BkLo5AAI8HgAC2Ce5Vea0AAF_yx1nlDYE,Online_Anna_Bianca_aka_Anna_bianca_OnlyFans_I_really_enjoy_riding.mp4,Video
0184397258765880,BAACAgUAAxkBAAIDPmi22nBqtWpFXaurxjCBBjVDawxRAAI-HgAC2Ce5VbohdKqaawKZNgQ,Bhabi_Getting_Hot_Fuck_Captured_By_Hidden_Cam_porn_tube_video.mp4,Video
8553405123376991,BAACAgUAAxkBAAIDP2i22nBPYgjHRattgqQuQJqgZ7QmAAJBHgAC2Ce5VeSYsYEaL30VNgQ,Project_10-30_HD 720p_MEDIUM_FR30.mp4,Video
8298642795180652,BAACAgUAAxkBAAIDQGi22nDg4ItqroR5qrKPeMPFrgTzAAJDHgAC2Ce5VS6LOMjfPkeZNgQ,Online_Anna_Bianca_aka_Anna_bianca_OnlyFans_I_hope_you_enjoy_watching.mp4,Video
1594997642830611,BAACAgUAAxkBAAIDQWi22nBXaj5L-o0D3SvTJubXexyxAAJEHgAC2Ce5VaQykC3Su5QcNgQ,Rijpe Indische dame met jonge jongen xHamster.mp4,Video
3646692854916048,BAACAgUAAxkBAAIDQmi22nAlaWL87WYzwRsQT9jjw6avAAJFHgAC2Ce5VYgAATwBXz7j_DYE,Chote_Bhai_Ne_Didi_Ki_Chudai_Kar_Usko_Garbhwati_Kia_Indian_Porn.mp4,Video
0544436564912106,BAACAgUAAxkBAAIDQ2i22nAgQmneBGxDZ7zd7r1lG6bnAAJGHgAC2Ce5Ve0RAm3yNRLENgQ,Tamil Mature Couples Hot Fuck In Bed.mp4,Video
9090344211652387,BAACAgUAAxkBAAIDRGi22nBkjZGmrEIgM6JNdifbLSomAAJJHgAC2Ce5VV6wCzSFIEhzNgQ,Desi_Hot_Aunty_and_Uncle_Homemade_Sex_Porn_44_xHamster_xHamster.mp4,Video
7638352657296336,BAACAgUAAxkBAAIDRWi22nBDk6hzVhdCBw6iEwQfZG0gAAJmHgAC2Ce5VQd8KVW3xPiZNgQ,Thenicolet kissing - XVIDEOS.COM.mp4,Video
4373970049798499,BAACAgUAAxkBAAIDRmi22nDGfjSbD2gXCT4KiUNJQGY8AAJvHgAC2Ce5VZ8w9mHR_wW8NgQ,Same Aunty Hot Fucking xxx desi porn video.mp4,Video
9173210198068894,BAACAgUAAxkBAAIDR2i22nBpDnR5PS2J3RTY6hcDIUm_AAJ0HgAC2Ce5VZyT_79qBNSHNgQ,Anu Homemade Homemade Porn xHamster.mp4,Video
1498178291308215,BAACAgUAAxkBAAIDSGi22nByE-r3GvT1Mz8cvTrkhaoSAAJ8HgAC2Ce5VbN5Kt2NqK-fNgQ,Village_girl_a_by_richman_·_GEKSO_xyz_XXX_हिंदी_बीएफ_Hindi_bf_सेक्स.mp4,Video
3529717085200277,BAACAgUAAxkBAAIDSWi22nB9AyKg04c0MssjX5N70gpSAAK7HgAC2Ce5VePeZsMcTacgNgQ,NSPS_150_Sucking_Rubbing_Titty_Fucking_Jiggling_Obscene_Titties.mp4,Video
8147294423841201,BAACAgUAAxkBAAIDSmi22nBlxFjCAehe96rvZcTevkKqAALYHgAC2Ce5Vf3x4Pcb7FkYNgQ,I_Fucked_the_Cheating_Wife_of_a_Foreigner_and_Had_a_Lot_of_Fun_xHamster.mp4,Video
4560811973183925,BAACAgUAAxkBAAIDS2i22nDIjoE_fUg_DFJuuYUgIgmtAAL4HgAC2Ce5VZc-iHR6G2KkNgQ,"Fuck that booty - Bbc, Booty, Doggy Porn - SpankBang.mp4",Video
8658396935721039,BAACAgUAAxkBAAIDTGi22nBwXKZj7a7_yN5yiESimDZfAAIyHwAC2Ce5VQqKwn-EctdZNgQ,"Kesha_زوجتي_شرموطة_my_wife_is_a_bitch_muslim,_niqab,_orient,_hijab.mp4",Video
3329540308774756,BAACAgUAAxkBAAIDTWi22nBx7Iq9P8LkJ5jp58gXC-9RAAJAHwAC2Ce5VdDiBkExvtGANgQ,Hot_Tabu_Telugu_Trans_Casting_Couch_Sex_Leaked_1080p_Video_–_DeepHot.mp4,Video
8859689537460465,BAACAgUAAxkBAAIDTmi22nBmJu_meMvTQUoVjfzzMfXQAAJbHwAC2Ce5VYbK4biftxbyNgQ,Kat Dennings gets constantly freeused - AdultDeepFakes.mp4,Video
9529949000324057,BAACAgUAAxkBAAIDT2i22nABAAFDDa4wvwaRX4RHPSEUdwACaB8AAtgnuVXFFToAAVdEXTk2BA,Stepsister_Rides_Her_Stepbrothers_Cock_until_She_Pulls_out_the_Cum.mp4,Video
0927732822126108,BAACAgUAAxkBAAIDUGi22nCTMfy692fZhD95W5bbiLuLAAJzHwAC2Ce5VabYYv9vnCUNNgQ,Student_with_Boy_Friend_3_Asian_Asian_Porn_feat_Funnycouples_by.mp4,Video
6432884586592995,BAACAgUAAxkBAAIDUWi22nAWRETC1MjWYPOSI6pyQ_ayAAJ-HwAC2Ce5VeRUlpAfrGaBNgQ,Tabu_fat_ass_private_bedroom_live_naked_without_dress_doggy_pose.mp4,Video
2882833117302139,BAACAgUAAxkBAAIDUmi22nBXDfuOgxR6kQN-NuQiprmpAAKQHwAC2Ce5VWqiq2mIplblNgQ,Honey_Rose_bathing_without_dress_full_nude_bathroom_sex_cum_on_mouth.mp4,Video
1440544702913924,BAACAgUAAxkBAAIDU2i22nCQ0L9xJLeFCk0OFbsE469uAAK5HwAC2Ce5Vf-9rkM0olayNgQ,"Ebony_Anal_Creampie_Roc_And_Shay,_Roc_And_Shay_Anal,_Anal_Porn_SpankBang.mp4",Video
6779266147283988,BAACAgUAAxkBAAIDVGi22nBCHff4NTqq17AorIC7GkfyAALIHwAC2Ce5VWZEaU4iG1N1NgQ,Patricia_Arquette_escape_at_Dannemora_In_English_Porn_xHamster.mp4,Video
4126041159702283,BAACAgUAAxkBAAIDVWi22nCVw5roisblWZU-Q8vKjEcTAALSHwAC2Ce5VeyR-9F9Ph1VNgQ,Indian_Beautiful_Stepmom_and_Stepson_Hardcore_Sex_During_Bathing.mp4,Video
7021688006790471,BAACAgUAAxkBAAIDVmi22nBr3ItRu1s0JiUXy25XDRNhAALYHwAC2Ce5VYBHA-_ySQ17NgQ,Meri_Stepmom_Ne_Meri_Wife_Ko_Peet_Kar_Mayike_Bhej_Diya_to_Maine.mp4,Video
6045771771036948,BAACAgUAAxkBAAIDV2i22nBggsechQaKnlKtHAZR5AiEAALuHwAC2Ce5VY_z1X8Ush9nNgQ,Green_Top_Desi_Girlfriend_Ride_Boyfriend_Cum_on_Ass_Cumshot_Cumshot.mp4,Video
3489196334080511,BAACAgUAAxkBAAIDWGi22nDvEQVId5pKOhZkyh6guFpqAAL-HwAC2Ce5VR7kzi8-a4uzNgQ,Anntyyy Cowgirl Cowgirl Porn xHamster.mp4,Video
4842212285306195,BAACAgUAAxkBAAIDWWi22nB5hfgKDEDjU9k3DUOK2MayAAIbIAAC2Ce5VWZXF0IFNvyONgQ,"Prajakta_Dusane_Butt,_Breasts_Scene_in_Prajakta_Dusane_Collection.mp4",Video
1494811680011945,BAACAgUAAxkBAAIDWmi22nC6rhdmJmpqsi88fZmli7ntAAIzIAAC2Ce5VVO580gKCTk-NgQ,Full_porn_free_Bangla_sex_Hardcore_Sumona_&_Nikhil_FLV_Watch_porn.mp4,Video
0885271411162460,BAACAgUAAxkBAAIDW2i22nAOcaocG3M-2GsGgO8z3lShAAI0IAAC2Ce5VSR2T3UW5olINgQ,Kajol_Devgn_busty_wife_nude_ass_fucking_deepfake_doggy_style_sex.mp4,Video
7218658154598276,BAACAgUAAxkBAAIDXGi22nBM6emNMfRl4cOhdSJ0EcM5AAI_IAAC2Ce5VaLsL0fnb1PaNgQ,Laura_Angel_Forever_Original_Version_in_Full_HD_Blowjob_Porn_feat.mp4,Video
6811390580433163,BAACAgUAAxkBAAIDXWi22nBdoZouAAHCi2_szkm33V7k7QACRiAAAtgnuVWFx3yHpZKvUTYE,Bengali_Mother_Fucked_Naked_By_Sons_Friend_Father_Desivdo_Best_Desi.mp4,Video
0851401560037039,BAACAgUAAxkBAAIDXmi22nAZGcFHyZfjeS-YlXKFRqHHAAJPIAAC2Ce5VXg4QZYZLpmHNgQ,Dehati-sex-of-Maharashtrian-lady-riding-on-her-lovers-dick.mp4,Video
7190409669169102,BAACAgUAAxkBAAIDX2i22nAMQWnOIFg38etD6FuUegPtAAJXIAAC2Ce5VS9enJL2c7tlNgQ,Indian_Wife_Fucking_Doggystyle_Hair_Pulling_Hardcore_Video_Indian.mp4,Video
7785674420397421,BAACAgUAAxkBAAIDYGi22nDVAAH6ToUyWQjnVjMSnyRs6wACXCAAAtgnuVWNxULYRTks2zYE,Girl_Friend_Enjoy_with_Ex_Boy_Friend_Indian_Blowjob_Porn_by_FapHouse.mp4,Video
3353755402891034,BAACAgUAAxkBAAIDYWi22nBXsQ7vhE_ThoZTRrJB60R3AAJlIAAC2Ce5VULpTaAkw_pONgQ,Kat Marie - Pool Party Penis - EPORNER.mp4,Video
0314005414353622,BAACAgUAAxkBAAIDYmi22nDXCXsB9hLg6bvoZGCL2KpbAAJnIAAC2Ce5VfSRoKbmMyWtNgQ,Indian_Desi_Big_Ass_Beautiful_MILF_Laxmi_Fucked_by_Boyfriend_Hardcore.mp4,Video
7231110893766373,BAACAgUAAxkBAAIDY2i22nBHKua9b1oyNUSEkIZqGJXwAAJoIAAC2Ce5VeBdsxXBDDsuNgQ,Indian_Desi_Bhabhi_Fucked_by_Young_Stepson_in_Hotel_Real_Hindi_Sex.mp4,Video
4258622503218716,BAACAgUAAxkBAAIDZGi22nBfS_qGGKOSaqEAAcoCY_khEQACkSAAAtgnuVU3SePNr5vqojYE,Young Chick Filled With Cum - Ella Knox - EPORNER.mp4,Video
3439707269692435,BAACAgUAAxkBAAIDZWi22nAPdmZdYgJYvwJ6pdacorlAAAKSIAAC2Ce5VSNrhYtghRMsNgQ,Kerala_village_wife_with_stunning_boobs_giving_blowjob_and_fucking.mp4,Video
0601695173107346,BAACAgUAAxkBAAIDZmi22nCwsoFb9DQ6lYzM5ySo3UYLAAKfIAAC2Ce5VYEoOi1VKNd_NgQ,Desi_Wife_Riding_Big_Ass_and_Big_Dick_Hardcore_Fuck_all_Positions.mp4,Video
2300820460945995,BAACAgUAAxkBAAIDZ2i22nALKTlykTrd2ZnI89wWT4owAAKxIAAC2Ce5VeEvEnXESeciNgQ,Wife_Fucking_Frends_Hard_Core_Riding_Big_Asss_Close_up_Porn_feat.mp4,Video
4016534571827692,BAACAgUAAxkBAAIDaGi22nCpOZ_Bf6uyP8cqCF_DEnjlAALPIAAC2Ce5VYGVlqULQ1PANgQ,Sabita_Kam_Wali_Fucked_a_Guy_While_He_was_Masturbating_She_Removes.mp4,Video
0908443858703569,BAACAgUAAxkBAAIDaWi22nAC81mKIin8JXz0q5sJKdasAALSIAAC2Ce5VYQ3oVChGiF8NgQ,Brunette_MILF_Mit_Dicken_Titten_Bekommt_Tittenfick_Und_Dabei_Alles.mp4,Video
8818830297979742,BAACAgUAAxkBAAID9WjDmmQAAS1ag0E1K-LhNm5iPr_12AACjxwAAsKBAVZ84oNCKUj1ejYE,MyFirstVideo.mp4,Video
0307638223196388,BAACAgUAAxkBAAIEDmjE_bxXO4LW23S5c61ITnHV7vI3AAI2HAACd0AoVjsMuiWp7CqQNgQ,Moriah_mills_real_estate.mp4,Video
4874878145978824,BAACAgUAAxkBAAIEF2jMwWAOH-cDiaoqQ-xb5aeTvd6rAAIxGAACL0VoVpRVCP-xHoWONgQ,Jogasaki_Momose_midsummer_adultery.mp4,Video
3592220441802232,BAACAgUAAxkBAAIEGGjMwWA2AbvHuueNSu2Vq4YtG9PsAAIyGAACL0VoVtZDpLsjDC7ANgQ,anissa_kate_homegym_masturbator.mp4,Video
4556989516145230,BAACAgUAAxkBAAIEGWjMwWDY8g8i_IRB1pTQ-GQo7KKOAAIzGAACL0VoVuMp-DX4CiRLNgQ,Jogasaki_Momose_step_fun.mp4,Video
5791171101221471,BAACAgUAAxkBAAIEJmjOUNMiVvr0DJ9It0WDV0ccD5C6AAK0GQACVmlwVm6OLU8_svEHNgQ,moriah_mills_realtor.mp4,Video
5733721255588816,BAACAgUAAxkBAAIEJ2jOUNOv98I1qtujyf9Y_JflP8FxAAK2GQACVmlwViO6B9VRylmvNgQ,Moriah_mills_pizza_delivery.mp4,Video
4883364898433495,BAACAgUAAxkBAAIEKGjOUNPxqHiJoT-WP_0kX486vbkrAAK5GQACVmlwVndbH6cxiotxNgQ,Moriah_mills_wedding_day.mp4,Video
2377679036667011,BAACAgUAAxkBAAIEKWjOUNPVu5a5J8J9jWU3YAPw7qzdAAK8GQACVmlwVqLRXZKW4ypBNgQ,moriah_mills_photoshoot_gone_wrong.mp4,Video
6476724871888853,BAACAgUAAxkBAAIEKmjOUNPU2CgmPqqZj3BSCY73QJxCAALAGQACVmlwVnnxq5euLAzpNgQ,moriah_mills_hot_summer.mp4,Video
4428197998446744,BAACAgUAAxkBAAIEPWjPXkQQFwZHPxlE-c8gqwABGLm6agAClxQAAlZpgFZ6T1ZwfNNWmjYE,"""yumi_kazama_trip_aunt.mp4",Video
8673744085757718,BAACAgUAAxkBAAIEPmjPXkT8xhFxm4z579d4p5yTnh_9AAKYFAACVmmAVgK7iE8QxuVANgQ,yumi_kazama_dormitory_mistress.mp4,Video
3086599174731911,BAACAgUAAxkBAAIEP2jPXkRjRIadFEJ_ZxqNn18-HaGXAAKZFAACVmmAVuCTSOobtI-RNgQ,yumi_kazama_step_son_friends.mp4,Video
8463984320323885,BAACAgUAAxkBAAIEQGjPXkQIRFWjntMAAUTTN10azKfYzwACmhQAAlZpgFZKphVO7lG0eTYE,yumu_kazama_dont_tell_wife_inlaw_creamed.mp4,Video
9576511044231413,BAACAgUAAxkBAAIEYmjXWtUCDP4W1HfncSVgHtMG280fAAKaGQACQKqwVj406EctPNaDNgQ,mistreated_bride_ep_1.mp4,Video
4322277982963091,BAACAgUAAxkBAAIEY2jXWtUJgOJdGcFg5gkiev2mF53QAAK7GQACQKqwVhRtHAjUMIhTNgQ,mistreated_bride_ep_2.mp4,Video
8272766266497680,BAACAgUAAxkBAAIEZGjXWtUgKphvDUUamEhQYcGZtDWrAAK8GQACQKqwVout-XpKGP0jNgQ,mistreated_bride_ep_3.mp4,Video
1025368038551793,BAACAgUAAxkBAAIEZWjXWtXcynEeD_3Fer3axXQqBQABGQACvRkAAkCqsFbHr-fNd2WZejYE,mistreated_bride_ep_4.mp4,Video
2208685829279778,BAACAgUAAxkBAAIEZmjXWtWM3VYwWX3iTukShKI2i_5gAAK-GQACQKqwVpRDJrkpkf1CNgQ,thai_henta_hot.mp4,Video
8071523130267989,BAACAgUAAxkBAAIEZ2jXWtUAAYedFQGliAIXkKVzIvCK-AACwBkAAkCqsFbin-zjPB5jhDYE,apartment_housewife_fun_ep_1.mp4,Video
6368897477969782,BAACAgUAAxkBAAIEaGjXWtU3UQrRg0cRqsQuW9Vw_GgmAALBGQACQKqwVkvtK_HfILcENgQ,apartment_housewife_fun_ep_2.mp4,Video
1771101623447986,BAACAgUAAxkBAAIEaWjXWtUFtNh7Z37iqPRshgNXWkLFAALCGQACQKqwVjdt2PlNv1CaNgQ,student_teacher_train_fun_1.mp4,Video
4260288350675558,BAACAgUAAxkBAAIEamjXWtVVRcnKjzBMTL8g9CoIlXGhAALDGQACQKqwVhGxj29ZQk66NgQ,student_teacher_train_fun_2.mp4,Video
4758841887171951,BAACAgUAAxkBAAIEa2jXWtXb3DW_SuBqK2t55oOufRQwAALFGQACQKqwVkc9HZK-LWaXNgQ,student_teacher_train_fun_3.mp4,Video
5520267524257218,BAACAgUAAxkBAAIEbGjXWtVcJKte4tCwSvqmjk6czx9sAALHGQACQKqwVuLzaY3ogH-PNgQ,student_teacher_train_fun_4.mp4,Video
9854217852118322,BAACAgUAAxkBAAIElGjX4fiKxpnFTMN6yAvPnFkQ8AABJAACCxYAAnCewFZ5TDG9q2QhCTYE,minako_komukai_boss.mp4,Video
0514331270724821,BAACAgUAAxkBAAIElWjX4fi_FdMKao-ODo5mWVzn54sEAAISFgACcJ7AVpk-8POpKfP-NgQ,minako_komukai_frustrated_wife.mp4,Video
1161500313406493,BAACAgUAAxkBAAIElmjX4fiwAdICU92_Q5L4PA5YNM9_AAIWFgACcJ7AVkY9exhWN0V6NgQ,minako_komukai_housewife_forced_affair.mp4,Video
2842853951341470,BAACAgUAAxkBAAIEl2jX4fiOkJ3frp2oL3nrd7RhJBEJAAIYFgACcJ7AVtmy48ToVVL6NgQ,minako_komukai_insemination_impregnation.mp4,Video
2337397154558564,BAACAgUAAxkBAAIEmGjX4fiHxbc_0JzKWn1woUbf71MiAAIaFgACcJ7AVvScRt1ULiznNgQ,minako_komukai_hot_spring.mp4,Video
2679546233734865,BAACAgUAAxkBAAIEmWjX4fi1ZrTM5BYPOw6Y40O4RWW2AAIfFgACcJ7AVu3QtDhNTenJNgQ,minako_komukai_intruder_force_affair.mp4,Video
2898572329938046,BAACAgUAAxkBAAIEmmjX4fifXpEQo6rYbfEQBeklkL8_AAIxFgACcJ7AVljaOJOPdX_qNgQ,minako_komukai_hospital.mp4,Video
4337419990519543,BAACAgUAAxkBAAIEm2jX4fhKTkoeNXT2juF1Fh4Ovq_JAAI9FgACcJ7AVvsBXLjcHByXNgQ,minako_komukai_beach.mp4,Video
4910410540636968,BAACAgUAAxkBAAIEnGjX4fjqMYeMEVR5Eg2t2V2xEpkHAAJDFgACcJ7AVvsitrTD6M7HNgQ,minako_komukai_orny_fun.mp4,Video
4698176651009809,BAACAgUAAxkBAAIEnWjX4fiYlBuRZ3aoEG8dTQXQIMfBAAJGFgACcJ7AVkBxdf9A93uONgQ,rumi_kodama_father_in_law.mp4,Video
1581295811224361,BAACAgUAAxkBAAIEyGjZUSC7jhSiSaVi2LXsV_kBG6DKAAIDFwACcJ7AVmPwJ805OPDMNgQ,yumi_kazama_shop_keeper.mp4,Video
6733509538032634,BAACAgUAAxkBAAIEyWjZUSASSSKEprDc3a0Ug1QxLGsdAAIHFwACcJ7AVkGelXCj89uNNgQ,yumi_kazama_mother_inlaw_with_bigD_son_inlaw.mp4,Video
9966249059903211,BAACAgUAAxkBAAIEymjZUSCEEsk97QiPQFfXB9acFU4BAAIJFwACcJ7AVmQ7NLjFwXVyNgQ,yumi_kazama_never_ending_gangbang.mp4,Video
6573763949535744,BAACAgUAAxkBAAIEy2jZUSD5oZOaWyaYunHDlzSEIQaQAAIKFwACcJ7AVn7Jxg14IiezNgQ,arisa_hanyu_hot_maid.mp4,Video
2594666769737229,BAACAgUAAxkBAAIEzGjZUSD6TkITz6OIduk8aVGcpUNSAAILFwACcJ7AVqeQ7eu9kcv2NgQ,arisa_hanyu_step_mom.mp4,Video
2862309296364716,BAACAgUAAxkBAAIEzWjZUSAlz1nxxINx11Epum_5qQ_5AAIQFwACcJ7AVteaFQJQzeO9NgQ,arisa_hanyu_old_men_gangbang.mp4,Video
4440301146774602,BAACAgUAAxkBAAIE72jqLG9CEnDPoUi-YpCFI6xz_7ejAAKyGAACVK1IV0-7_SGLStuVNgQ,jogasaki_momosa_gangbang.mp4,Video
2904387097599941,BAACAgUAAxkBAAIE8GjqLG-OKrcNJuSRMvba-KpZ9yoxAAKzGAACVK1IV3g56ZWYQyJ0NgQ,jogasaki_momosa_massage.mp4,Video
7093575226774748,BAACAgUAAxkBAAIE8WjqLG_6-O0ftpbbclPsvxYMA9N2AAKiFwACVK1QVzlng2YqFjqtNgQ,Yumi_kazama_goddes.mp4,Video
9550041983463483,BAACAgUAAxkBAAIE8mjqLG_fJncxCFlF9BdheANLMMoqAAKjFwACVK1QVz4VinSkplyLNgQ,Yumi_kazama_appartment_wife.mp4,Video
5382748152447878,BAACAgUAAxkBAAIE_2jqby-6grcraAr8Na4zBdHBmK7KAAIyHQACpipYV62VFyR6_Di5NgQ,chitose yura constant fuc by brother friend.mp4,Video
5432181484362028,BAACAgUAAxkBAAIFAAFo6m8vxlC5KLIjWBQrWqRifttdRAACOB0AAqYqWFc-4QABX4lawd82BA,chitose_yura_teacher.mp4,Video
3315161421282464,BAACAgUAAxkBAAIFAWjqby9jaa_Mtjiou9sooH8DH8Z9AAI6HQACpipYV0LhlPUDz6JONgQ,chitose yura with son's classmate.mp4,Video
3919391880591552,BAACAgUAAxkBAAIFAmjqby9dlSnItbw-NH_LYYgvwzr3AAKmHQACpipYV_Q46-otuXTlNgQ,chitose_yura_fun_With_step_Son.mp4,Video
0260135539639170,BAACAgUAAxkBAAIFD2jrVcyYF7lGNnhpZZ9zwLci32SfAAIyHgACpipYV3saN6tVQ_ySNgQ,shiori tsukada husband friend affair.mp4,Video
1245838504499699,BAACAgUAAxkBAAIFEGjrVcyDRdyVakJf9UpXSRUAASOq1gACMx4AAqYqWFcNuvYzIfqNeDYE,shiori tsukada friend mom.mp4,Video
5290509391297031,BAACAgUAAxkBAAIFEWjrVcwCcIuyDAdKmehyqyI0OahZAAI0HgACpipYVx4iM5hjgac-NgQ,shiori tsukada office colleague fun.mp4,Video
4115744961743708,BAACAgUAAxkBAAIFEmjrVcwg-X5iGtOCepmz02p8k8l2AAI1HgACpipYV-tBzbCFtd8FNgQ,shiori tsukada mother in law impregnation.mp4,Video
8884116235630222,BAACAgUAAxkBAAIFR2kM_M1e-JleKNaE__vwaKq4_Wl1AALHHAACpipgV86JHGWv1kETNgQ,Ava Addams stalker fuc.mp4,Video
1995578427335875,BAACAgUAAxkBAAIFSGkM_M1MeGGqldXOng0LvHiBYV0tAAIeGwACWowBVJkra9DcngZdNgQ,jogasaki momose old man bang.mp4,Video
1906922724025981,BAACAgUAAxkBAAIFSWkM_M0jEVlLo-nrd7aLKC9JF7WaAAI2HwACvLERVM-SzNsgxaBENgQ,hot reunion.mp4,Video
2987168067206494,BAACAgUAAxkBAAIFSmkM_M3oXYTeul41px_ptbsqH1zXAAI3HwACvLERVBdXdCmqdm2oNgQ,Hana haruna troublesome customer.mp4,Video
2200171646867153,BAACAgUAAxkBAAIFS2kM_M28jmUEt-mcUr04SV4hw7_CAAI5HwACvLERVP4T5oXI0DXMNgQ,Hana haruna hot mother in law.mp4,Video
8754058159559489,BAACAgUAAxkBAAIFTGkM_M35h6FRjARoefIbs9_UUX8FAAI8HwACvLERVDpA2r_LEJggNgQ,Hana haruna camping fun.mp4,Video
9736548384881913,BAACAgUAAxkBAAIFTWkM_M2zyK0To-KH0IAlpCXoPhOAAAIFGwACvLEZVA4bnAjd2V4cNgQ,Hana haruna aunty.mp4,Video
4983918154987031,BAACAgUAAxkBAAIFT2kM_M00CSkLtQtA8Eh2kyG3Qo-CAAInGwACvLEZVGnNFxvd8PXwNgQ,Hana haruna aunty 3.mp4,Video
8176162178067900,BAACAgUAAxkBAAIFUGkM_M3oaHnmzxqCVdx34KOukWAZAAIqGwACvLEZVCXDj5TQ7r-xNgQ,chitose yura mechanic.mp4,Video
1261182076116191,BAACAgUAAxkBAAIFUWkM_M3m6aQfHINVGN3AH7ocTdqRAAJBGwACvLEZVH0ZNwzwjXgONgQ,chitose yura adult nursery.mp4,Video
4642981477978940,BAACAgUAAxkBAAIFUmkM_M2jgtQnyZtyNtFftrAvnBmRAAJJGwACvLEZVJQoRQbFVBNjNgQ,chitose yura middle age gangbang.mp4,Video
9535446112117949,BAACAgUAAxkBAAIF72lK9Fne6N6rmrQDbRzkTtERzpGMAAKqHQACYj5wVHjxt82wBeOHNgQ,Sarah Arabic hard.mp4,Video
0621248996382783,BAACAgUAAxkBAAIF8GlK9Fm7kCQ6aUidzfKSTjC2CjsLAAKzHQACYj5wVGRAw8MVKzuBNgQ,Sarah Arabic hard gets a hard pounding.mp4,Video
4851771811781878,BAACAgUAAxkBAAIF8WlK9Fkt8In1MkK1UijM60CwMzVYAALxGAACYj54VK-cPcJ75TufNgQ,Brianna beach stepmom.mp4,Video
4277834837129077,BAACAgUAAxkBAAIF8mlK9FlLTNsQgoBDF1fS2dB7k0GwAALyGAACYj54VCbkoc5BAAE7OzYE,Brianna beach stepmom work life balance.mp4,Video
8425210995636260,BAACAgUAAxkBAAIF82lK9FnCpLrwLMt74wMZyNr3OFTZAALzGAACYj54VDZGO_yHSnHENgQ,Brianna beach the hookup.mp4,Video
1677291806471264,BAACAgUAAxkBAAIF9GlK9FmmAAGGc1W54QrF1JCRJYDGMwAC9BgAAmI-eFR7_t6fko_ZMzYE,Brianna beach stepmom night visit.mp4,Video
3294976648076192,BAACAgUAAxkBAAIF9WlK9FnatywKSbOi0l_xefGDX1T4AAL4GAACYj54VLZD22qTc_CGNgQ,Sophie reade pool.mp4,Video
8997073118891094,BAACAgUAAxkBAAIF9mlK9Fnz1ZVUdx79VPQOMP_JmiUiAALiFQACja6BVBXXtlL95QABYTYE,Yumi kazama mother in law caught me cheating.mp4,Video
5633652129238212,BAACAgUAAxkBAAIF92lK9FkJzm00ZPSf6KKBzZh7T9HMAAJ_GQAC5jvwVDOFO0DEpdGONgQ,Arisa hanyu part-time housewife.mp4,Video
0337844943672572,BAACAgUAAxkBAAIF-GlK9FlC_AiogWscuINkgYWeIw_iAAJwHAAC5jvwVPQKwSBOilTlNgQ,Affair to make a married woman a thing Sayoko Kuroki.mp4,Video
